Board_Size,Encoding_Method,Variables,Clauses,Is_SAT,Runtime(s)
4,Binomial,16,80,True,0.000000
4,Sequential,58,112,True,0.000000
4,Binary,48,116,True,0.000000
4,Commander,16,80,True,0.000000
4,Product,16,80,True,0.000000
8,Binomial,64,736,True,0.000000
8,Sequential,274,596,True,0.000000
8,Binary,174,720,True,0.000000
8,Commander,146,610,True,0.000000
8,Product,236,644,True,0.000000
10,Binomial,100,1480,True,0.001000
10,Sequential,442,982,True,0.001001
10,Binary,272,1410,True,0.000999
10,Commander,218,1052,True,0.000983
10,Product,366,1072,True,0.001079
12,Binomial,144,2608,True,0.000000
12,Sequential,650,1464,True,0.002003
12,Binary,364,2116,True,0.003000
12,Commander,298,1596,True,0.010002
12,Product,494,1534,True,0.001999
15,Binomial,225,5195,True,0.000999
15,Sequential,1037,2367,True,0.011999
15,Binary,517,3415,True,0.050167
15,Commander,473,2615,True,0.004000
15,Product,741,2467,True,0.032507
