Board_Size,Algorithm,Variables,Clauses,Gen_Time(s),Solve_Time(s),Runtime(s),Is_SAT,Solution_Valid,Error
10,Binomial,100,1480,0.000333,0.000000,0.000333,True,True,
10,Sequential,442,982,0.000000,0.001002,0.001002,True,True,
10,Binary,272,1410,0.000334,0.001124,0.001457,True,True,
10,Commander,218,1052,0.000335,0.001169,0.001504,True,True,
10,Product,366,1072,0.000000,0.001000,0.001000,True,True,
10,CP-SAT,0,0,0.000000,0.018520,0.018520,True,,
15,Binomial,225,5195,0.006009,0.000000,0.006009,True,True,
15,Sequential,1037,2367,0.000000,0.012216,0.012216,True,True,
15,Binary,517,3415,0.000838,0.050940,0.051778,True,True,
15,Commander,473,2615,0.000331,0.005210,0.005541,True,True,
15,Product,741,2467,0.000333,0.032914,0.033247,True,True,
15,CP-SAT,0,0,0.000335,0.029007,0.029342,True,,
20,Binomial,400,12560,0.002340,0.003334,0.005674,True,True,
20,Sequential,1882,4352,0.000339,0.021773,0.022112,True,True,
20,Binary,866,7276,0.007019,0.061896,0.068916,True,True,
20,Commander,768,5208,0.000658,0.028670,0.029328,True,True,
20,Product,1210,4448,0.000844,0.064997,0.065841,True,True,
20,CP-SAT,0,0,0.000000,0.032893,0.032893,True,,
25,Binomial,625,24825,0.008224,0.004693,0.012918,True,True,
25,Sequential,2977,6937,0.001157,0.136988,0.138146,True,True,
25,Binary,1241,11781,0.001996,0.064618,0.066614,True,True,
25,Commander,1181,8513,0.006870,0.843409,0.850278,True,True,
25,Product,1773,7005,0.003013,3.149140,3.152153,True,True,
25,CP-SAT,0,0,0.001012,0.105259,0.106270,True,,
30,Binomial,900,43240,0.036495,0.018949,0.055444,True,True,
30,Sequential,4322,10122,0.003342,1.341179,1.344521,True,True,
30,Binary,1666,17286,0.026002,5.254481,5.280483,True,True,
30,Commander,1606,13358,0.002617,0.032766,0.035383,True,True,
30,Product,2426,10200,0.006829,26.939923,26.946752,True,True,
30,CP-SAT,0,0,0.000668,0.060331,0.060999,True,,
